comercio,categoria
OXXO,Alimentacion
7-Eleven,Alimentacion
Circle K,Alimentacion
Bodega Aurrera,Alimentacion
Soriana,Alimentacion
Chedraui,Alimentacion
La Comer,Alimentacion
HEB,Alimentacion
Abarrotes,Alimentacion
Minisúper,Alimentacion
Tortillería,Alimentacion
Panadería,Alimentacion
Taquería,Alimentacion
Pollería,Alimentacion
Carnicería,Alimentacion
Marisquería,Alimentacion
Frutería,Alimentacion
Cremería,Alimentacion
Cafetería,Alimentacion
Pastelería,Alimentacion
OXXO Juárez,Alimentacion
7-Eleven Juárez,Alimentacion
Circle K Juárez,Alimentacion
Bodega Aurrera Juárez,Alimentacion
Soriana Juárez,Alimentacion
Chedraui Juárez,Alimentacion
La Comer Juárez,Alimentacion
HEB Juárez,Alimentacion
Abarrotes Juárez,Alimentacion
Minisúper Juárez,Alimentacion
Tortillería Juárez,Alimentacion
Panadería Juárez,Alimentacion
Taquería Juárez,Alimentacion
Pollería Juárez,Alimentacion
Carnicería Juárez,Alimentacion
Marisquería Juárez,Alimentacion
Frutería Juárez,Alimentacion
Cremería Juárez,Alimentacion
Cafetería Juárez,Alimentacion
Pastelería Juárez,Alimentacion
OXXO Reforma,Alimentacion
7-Eleven Reforma,Alimentacion
Circle K Reforma,Alimentacion
Bodega Aurrera Reforma,Alimentacion
Soriana Reforma,Alimentacion
Chedraui Reforma,Alimentacion
La Comer Reforma,Alimentacion
HEB Reforma,Alimentacion
Abarrotes Reforma,Alimentacion
Minisúper Reforma,Alimentacion
Tortillería Reforma,Alimentacion
Panadería Reforma,Alimentacion
Taquería Reforma,Alimentacion
Pollería Reforma,Alimentacion
Carnicería Reforma,Alimentacion
Marisquería Reforma,Alimentacion
Frutería Reforma,Alimentacion
Cremería Reforma,Alimentacion
Cafetería Reforma,Alimentacion
Pastelería Reforma,Alimentacion
OXXO Del Valle,Alimentacion
7-Eleven Del Valle,Alimentacion
Circle K Del Valle,Alimentacion
Bodega Aurrera Del Valle,Alimentacion
Soriana Del Valle,Alimentacion
Chedraui Del Valle,Alimentacion
La Comer Del Valle,Alimentacion
HEB Del Valle,Alimentacion
Abarrotes Del Valle,Alimentacion
Minisúper Del Valle,Alimentacion
Tortillería Del Valle,Alimentacion
Panadería Del Valle,Alimentacion
Taquería Del Valle,Alimentacion
Pollería Del Valle,Alimentacion
Carnicería Del Valle,Alimentacion
Marisquería Del Valle,Alimentacion
Frutería Del Valle,Alimentacion
Cremería Del Valle,Alimentacion
Cafetería Del Valle,Alimentacion
Pastelería Del Valle,Alimentacion
OXXO Las Flores,Alimentacion
7-Eleven Las Flores,Alimentacion
Circle K Las Flores,Alimentacion
Bodega Aurrera Las Flores,Alimentacion
Soriana Las Flores,Alimentacion
Chedraui Las Flores,Alimentacion
La Comer Las Flores,Alimentacion
HEB Las Flores,Alimentacion
Abarrotes Las Flores,Alimentacion
Minisúper Las Flores,Alimentacion
Tortillería Las Flores,Alimentacion
Panadería Las Flores,Alimentacion
Taquería Las Flores,Alimentacion
Pollería Las Flores,Alimentacion
Carnicería Las Flores,Alimentacion
Marisquería Las Flores,Alimentacion
Frutería Las Flores,Alimentacion
Cremería Las Flores,Alimentacion
Cafetería Las Flores,Alimentacion
Pastelería Las Flores,Alimentacion
Farmacias Guadalajara,Salud
Farmacias del Ahorro,Salud
Farmacias Benavides,Salud
Farmacia San Pablo,Salud
Farmacia,Salud
Consultorio,Salud
Clínica,Salud
Hospital,Salud
Dental,Salud
Óptica,Salud
Laboratorio,Salud
Veterinaria,Salud
Fisioterapia,Salud
Nutriólogo,Salud
Psicología,Salud
Ortopedia,Salud
Salud Digna,Salud
Devlyn,Salud
Chopo,Salud
Dentalia,Salud
Farmacias Guadalajara Juárez,Salud
Farmacias del Ahorro Juárez,Salud
Farmacias Benavides Juárez,Salud
Farmacia San Pablo Juárez,Salud
Farmacia Juárez,Salud
Consultorio Juárez,Salud
Clínica Juárez,Salud
Hospital Juárez,Salud
Dental Juárez,Salud
Óptica Juárez,Salud
Laboratorio Juárez,Salud
Veterinaria Juárez,Salud
Fisioterapia Juárez,Salud
Nutriólogo Juárez,Salud
Psicología Juárez,Salud
Ortopedia Juárez,Salud
Salud Digna Juárez,Salud
Devlyn Juárez,Salud
Chopo Juárez,Salud
Dentalia Juárez,Salud
Farmacias Guadalajara Reforma,Salud
Farmacias del Ahorro Reforma,Salud
Farmacias Benavides Reforma,Salud
Farmacia San Pablo Reforma,Salud
Farmacia Reforma,Salud
Consultorio Reforma,Salud
Clínica Reforma,Salud
Hospital Reforma,Salud
Dental Reforma,Salud
Óptica Reforma,Salud
Laboratorio Reforma,Salud
Veterinaria Reforma,Salud
Fisioterapia Reforma,Salud
Nutriólogo Reforma,Salud
Psicología Reforma,Salud
Ortopedia Reforma,Salud
Salud Digna Reforma,Salud
Devlyn Reforma,Salud
Chopo Reforma,Salud
Dentalia Reforma,Salud
Farmacias Guadalajara Del Valle,Salud
Farmacias del Ahorro Del Valle,Salud
Farmacias Benavides Del Valle,Salud
Farmacia San Pablo Del Valle,Salud
Farmacia Del Valle,Salud
Consultorio Del Valle,Salud
Clínica Del Valle,Salud
Hospital Del Valle,Salud
Dental Del Valle,Salud
Óptica Del Valle,Salud
Laboratorio Del Valle,Salud
Veterinaria Del Valle,Salud
Fisioterapia Del Valle,Salud
Nutriólogo Del Valle,Salud
Psicología Del Valle,Salud
Ortopedia Del Valle,Salud
Salud Digna Del Valle,Salud
Devlyn Del Valle,Salud
Chopo Del Valle,Salud
Dentalia Del Valle,Salud
Farmacias Guadalajara Las Flores,Salud
Farmacias del Ahorro Las Flores,Salud
Farmacias Benavides Las Flores,Salud
Farmacia San Pablo Las Flores,Salud
Farmacia Las Flores,Salud
Consultorio Las Flores,Salud
Clínica Las Flores,Salud
Hospital Las Flores,Salud
Dental Las Flores,Salud
Óptica Las Flores,Salud
Laboratorio Las Flores,Salud
Veterinaria Las Flores,Salud
Fisioterapia Las Flores,Salud
Nutriólogo Las Flores,Salud
Psicología Las Flores,Salud
Ortopedia Las Flores,Salud
Salud Digna Las Flores,Salud
Devlyn Las Flores,Salud
Chopo Las Flores,Salud
Dentalia Las Flores,Salud
Pemex,Transporte
Mobil,Transporte
Shell,Transporte
BP,Transporte
G500,Transporte
Oxxo Gas,Transporte
Gasolinera,Transporte
Autolavado,Transporte
Taller,Transporte
Llantera,Transporte
Refaccionaria,Transporte
Vulcanizadora,Transporte
Grúas,Transporte
Verificentro,Transporte
Estacionamiento,Transporte
Car Wash,Transporte
Servicio Automotriz,Transporte
Moto Refacciones,Transporte
Lubricantes,Transporte
DiDi Centro,Transporte
Pemex Juárez,Transporte
Mobil Juárez,Transporte
Shell Juárez,Transporte
BP Juárez,Transporte
G500 Juárez,Transporte
Oxxo Gas Juárez,Transporte
Gasolinera Juárez,Transporte
Autolavado Juárez,Transporte
Taller Juárez,Transporte
Llantera Juárez,Transporte
Refaccionaria Juárez,Transporte
Vulcanizadora Juárez,Transporte
Grúas Juárez,Transporte
Verificentro Juárez,Transporte
Estacionamiento Juárez,Transporte
Car Wash Juárez,Transporte
Servicio Automotriz Juárez,Transporte
Moto Refacciones Juárez,Transporte
Lubricantes Juárez,Transporte
DiDi Centro Juárez,Transporte
Pemex Reforma,Transporte
Mobil Reforma,Transporte
Shell Reforma,Transporte
BP Reforma,Transporte
G500 Reforma,Transporte
Oxxo Gas Reforma,Transporte
Gasolinera Reforma,Transporte
Autolavado Reforma,Transporte
Taller Reforma,Transporte
Llantera Reforma,Transporte
Refaccionaria Reforma,Transporte
Vulcanizadora Reforma,Transporte
Grúas Reforma,Transporte
Verificentro Reforma,Transporte
Estacionamiento Reforma,Transporte
Car Wash Reforma,Transporte
Servicio Automotriz Reforma,Transporte
Moto Refacciones Reforma,Transporte
Lubricantes Reforma,Transporte
DiDi Centro Reforma,Transporte
Pemex Del Valle,Transporte
Mobil Del Valle,Transporte
Shell Del Valle,Transporte
BP Del Valle,Transporte
G500 Del Valle,Transporte
Oxxo Gas Del Valle,Transporte
Gasolinera Del Valle,Transporte
Autolavado Del Valle,Transporte
Taller Del Valle,Transporte
Llantera Del Valle,Transporte
Refaccionaria Del Valle,Transporte
Vulcanizadora Del Valle,Transporte
Grúas Del Valle,Transporte
Verificentro Del Valle,Transporte
Estacionamiento Del Valle,Transporte
Car Wash Del Valle,Transporte
Servicio Automotriz Del Valle,Transporte
Moto Refacciones Del Valle,Transporte
Lubricantes Del Valle,Transporte
DiDi Centro Del Valle,Transporte
Pemex Las Flores,Transporte
Mobil Las Flores,Transporte
Shell Las Flores,Transporte
BP Las Flores,Transporte
G500 Las Flores,Transporte
Oxxo Gas Las Flores,Transporte
Gasolinera Las Flores,Transporte
Autolavado Las Flores,Transporte
Taller Las Flores,Transporte
Llantera Las Flores,Transporte
Refaccionaria Las Flores,Transporte
Vulcanizadora Las Flores,Transporte
Grúas Las Flores,Transporte
Verificentro Las Flores,Transporte
Estacionamiento Las Flores,Transporte
Car Wash Las Flores,Transporte
Servicio Automotriz Las Flores,Transporte
Moto Refacciones Las Flores,Transporte
Lubricantes Las Flores,Transporte
DiDi Centro Las Flores,Transporte
Liverpool,Compras
Coppel,Compras
Elektra,Compras
Suburbia,Compras
Sears,Compras
Office Depot,Compras
OfficeMax,Compras
Home Depot,Compras
Steren,Compras
Miniso,Compras
Waldo's,Compras
Papelería,Compras
Ferretería,Compras
Zapatería,Compras
Boutique,Compras
Juguetería,Compras
Mercería,Compras
Mueblería,Compras
Electrónica,Compras
Regalos,Compras
Liverpool Juárez,Compras
Coppel Juárez,Compras
Elektra Juárez,Compras
Suburbia Juárez,Compras
Sears Juárez,Compras
Office Depot Juárez,Compras
OfficeMax Juárez,Compras
Home Depot Juárez,Compras
Steren Juárez,Compras
Miniso Juárez,Compras
Waldo's Juárez,Compras
Papelería Juárez,Compras
Ferretería Juárez,Compras
Zapatería Juárez,Compras
Boutique Juárez,Compras
Juguetería Juárez,Compras
Mercería Juárez,Compras
Mueblería Juárez,Compras
Electrónica Juárez,Compras
Regalos Juárez,Compras
Liverpool Reforma,Compras
Coppel Reforma,Compras
Elektra Reforma,Compras
Suburbia Reforma,Compras
Sears Reforma,Compras
Office Depot Reforma,Compras
OfficeMax Reforma,Compras
Home Depot Reforma,Compras
Steren Reforma,Compras
Miniso Reforma,Compras
Waldo's Reforma,Compras
Papelería Reforma,Compras
Ferretería Reforma,Compras
Zapatería Reforma,Compras
Boutique Reforma,Compras
Juguetería Reforma,Compras
Mercería Reforma,Compras
Mueblería Reforma,Compras
Electrónica Reforma,Compras
Regalos Reforma,Compras
Liverpool Del Valle,Compras
Coppel Del Valle,Compras
Elektra Del Valle,Compras
Suburbia Del Valle,Compras
Sears Del Valle,Compras
Office Depot Del Valle,Compras
OfficeMax Del Valle,Compras
Home Depot Del Valle,Compras
Steren Del Valle,Compras
Miniso Del Valle,Compras
Waldo's Del Valle,Compras
Papelería Del Valle,Compras
Ferretería Del Valle,Compras
Zapatería Del Valle,Compras
Boutique Del Valle,Compras
Juguetería Del Valle,Compras
Mercería Del Valle,Compras
Mueblería Del Valle,Compras
Electrónica Del Valle,Compras
Regalos Del Valle,Compras
Liverpool Las Flores,Compras
Coppel Las Flores,Compras
Elektra Las Flores,Compras
Suburbia Las Flores,Compras
Sears Las Flores,Compras
Office Depot Las Flores,Compras
OfficeMax Las Flores,Compras
Home Depot Las Flores,Compras
Steren Las Flores,Compras
Miniso Las Flores,Compras
Waldo's Las Flores,Compras
Papelería Las Flores,Compras
Ferretería Las Flores,Compras
Zapatería Las Flores,Compras
Boutique Las Flores,Compras
Juguetería Las Flores,Compras
Mercería Las Flores,Compras
Mueblería Las Flores,Compras
Electrónica Las Flores,Compras
Regalos Las Flores,Compras
Telmex,Servicios
Telcel,Servicios
AT&T,Servicios
Movistar,Servicios
CFE,Servicios
Izzi,Servicios
Megacable,Servicios
Totalplay,Servicios
DHL,Servicios
Estafeta,Servicios
FedEx,Servicios
Correos,Servicios
Lavandería,Servicios
Tintorería,Servicios
Notaría,Servicios
Imprenta,Servicios
Banco,Servicios
Copias,Servicios
Ciber,Servicios
Estética,Servicios
Telmex Juárez,Servicios
Telcel Juárez,Servicios
AT&T Juárez,Servicios
Movistar Juárez,Servicios
CFE Juárez,Servicios
Izzi Juárez,Servicios
Megacable Juárez,Servicios
Totalplay Juárez,Servicios
DHL Juárez,Servicios
Estafeta Juárez,Servicios
FedEx Juárez,Servicios
Correos Juárez,Servicios
Lavandería Juárez,Servicios
Tintorería Juárez,Servicios
Notaría Juárez,Servicios
Imprenta Juárez,Servicios
Banco Juárez,Servicios
Copias Juárez,Servicios
Ciber Juárez,Servicios
Estética Juárez,Servicios
Telmex Reforma,Servicios
Telcel Reforma,Servicios
AT&T Reforma,Servicios
Movistar Reforma,Servicios
CFE Reforma,Servicios
Izzi Reforma,Servicios
Megacable Reforma,Servicios
Totalplay Reforma,Servicios
DHL Reforma,Servicios
Estafeta Reforma,Servicios
FedEx Reforma,Servicios
Correos Reforma,Servicios
Lavandería Reforma,Servicios
Tintorería Reforma,Servicios
Notaría Reforma,Servicios
Imprenta Reforma,Servicios
Banco Reforma,Servicios
Copias Reforma,Servicios
Ciber Reforma,Servicios
Estética Reforma,Servicios
Telmex Del Valle,Servicios
Telcel Del Valle,Servicios
AT&T Del Valle,Servicios
Movistar Del Valle,Servicios
CFE Del Valle,Servicios
Izzi Del Valle,Servicios
Megacable Del Valle,Servicios
Totalplay Del Valle,Servicios
DHL Del Valle,Servicios
Estafeta Del Valle,Servicios
FedEx Del Valle,Servicios
Correos Del Valle,Servicios
Lavandería Del Valle,Servicios
Tintorería Del Valle,Servicios
Notaría Del Valle,Servicios
Imprenta Del Valle,Servicios
Banco Del Valle,Servicios
Copias Del Valle,Servicios
Ciber Del Valle,Servicios
Estética Del Valle,Servicios
Telmex Las Flores,Servicios
Telcel Las Flores,Servicios
AT&T Las Flores,Servicios
Movistar Las Flores,Servicios
CFE Las Flores,Servicios
Izzi Las Flores,Servicios
Megacable Las Flores,Servicios
Totalplay Las Flores,Servicios
DHL Las Flores,Servicios
Estafeta Las Flores,Servicios
FedEx Las Flores,Servicios
Correos Las Flores,Servicios
Lavandería Las Flores,Servicios
Tintorería Las Flores,Servicios
Notaría Las Flores,Servicios
Imprenta Las Flores,Servicios
Banco Las Flores,Servicios
Copias Las Flores,Servicios
Ciber Las Flores,Servicios
Estética Las Flores,Servicios
Cinépolis,Entretenimiento
Cinemex,Entretenimiento
Recórcholis,Entretenimiento
Alboa,Entretenimiento
Casino,Entretenimiento
Bar,Entretenimiento
Karaoke,Entretenimiento
Billar,Entretenimiento
Arcade,Entretenimiento
Gym,Entretenimiento
Café Cultural,Entretenimiento
Parque,Entretenimiento
Escape Room,Entretenimiento
Museo,Entretenimiento
Teatro,Entretenimiento
Cantina,Entretenimiento
Bowling,Entretenimiento
Videojuegos,Entretenimiento
Go Karts,Entretenimiento
Club Deportivo,Entretenimiento
Cinépolis Juárez,Entretenimiento
Cinemex Juárez,Entretenimiento
Recórcholis Juárez,Entretenimiento
Alboa Juárez,Entretenimiento
Casino Juárez,Entretenimiento
Bar Juárez,Entretenimiento
Karaoke Juárez,Entretenimiento
Billar Juárez,Entretenimiento
Arcade Juárez,Entretenimiento
Gym Juárez,Entretenimiento
Café Cultural Juárez,Entretenimiento
Parque Juárez,Entretenimiento
Escape Room Juárez,Entretenimiento
Museo Juárez,Entretenimiento
Teatro Juárez,Entretenimiento
Cantina Juárez,Entretenimiento
Bowling Juárez,Entretenimiento
Videojuegos Juárez,Entretenimiento
Go Karts Juárez,Entretenimiento
Club Deportivo Juárez,Entretenimiento
Cinépolis Reforma,Entretenimiento
Cinemex Reforma,Entretenimiento
Recórcholis Reforma,Entretenimiento
Alboa Reforma,Entretenimiento
Casino Reforma,Entretenimiento
Bar Reforma,Entretenimiento
Karaoke Reforma,Entretenimiento
Billar Reforma,Entretenimiento
Arcade Reforma,Entretenimiento
Gym Reforma,Entretenimiento
Café Cultural Reforma,Entretenimiento
Parque Reforma,Entretenimiento
Escape Room Reforma,Entretenimiento
Museo Reforma,Entretenimiento
Teatro Reforma,Entretenimiento
Cantina Reforma,Entretenimiento
Bowling Reforma,Entretenimiento
Videojuegos Reforma,Entretenimiento
Go Karts Reforma,Entretenimiento
Club Deportivo Reforma,Entretenimiento
Cinépolis Del Valle,Entretenimiento
Cinemex Del Valle,Entretenimiento
Recórcholis Del Valle,Entretenimiento
Alboa Del Valle,Entretenimiento
Casino Del Valle,Entretenimiento
Bar Del Valle,Entretenimiento
Karaoke Del Valle,Entretenimiento
Billar Del Valle,Entretenimiento
Arcade Del Valle,Entretenimiento
Gym Del Valle,Entretenimiento
Café Cultural Del Valle,Entretenimiento
Parque Del Valle,Entretenimiento
Escape Room Del Valle,Entretenimiento
Museo Del Valle,Entretenimiento
Teatro Del Valle,Entretenimiento
Cantina Del Valle,Entretenimiento
Bowling Del Valle,Entretenimiento
Videojuegos Del Valle,Entretenimiento
Go Karts Del Valle,Entretenimiento
Club Deportivo Del Valle,Entretenimiento
Cinépolis Las Flores,Entretenimiento
Cinemex Las Flores,Entretenimiento
Recórcholis Las Flores,Entretenimiento
Alboa Las Flores,Entretenimiento
Casino Las Flores,Entretenimiento
Bar Las Flores,Entretenimiento
Karaoke Las Flores,Entretenimiento
Billar Las Flores,Entretenimiento
Arcade Las Flores,Entretenimiento
Gym Las Flores,Entretenimiento
Café Cultural Las Flores,Entretenimiento
Parque Las Flores,Entretenimiento
Escape Room Las Flores,Entretenimiento
Museo Las Flores,Entretenimiento
Teatro Las Flores,Entretenimiento
Cantina Las Flores,Entretenimiento
Bowling Las Flores,Entretenimiento
Videojuegos Las Flores,Entretenimiento
Go Karts Las Flores,Entretenimiento
Club Deportivo Las Flores,Entretenimiento
Construrama,Vivienda
Cemex,Vivienda
Materiales,Vivienda
Inmobiliaria,Vivienda
Pinturas,Vivienda
Plomería,Vivienda
Electricidad,Vivienda
Vidriería,Vivienda
Aluminios,Vivienda
Maderas,Vivienda
Cerámicos,Vivienda
Impermeabilizantes,Vivienda
Decoración,Vivienda
Cocinas,Vivienda
Baños,Vivienda
Hogar,Vivienda
Muebles,Vivienda
Iluminación,Vivienda
Herramientas,Vivienda
Acabados,Vivienda
Construrama Juárez,Vivienda
Cemex Juárez,Vivienda
Materiales Juárez,Vivienda
Inmobiliaria Juárez,Vivienda
Pinturas Juárez,Vivienda
Plomería Juárez,Vivienda
Electricidad Juárez,Vivienda
Vidriería Juárez,Vivienda
Aluminios Juárez,Vivienda
Maderas Juárez,Vivienda
Cerámicos Juárez,Vivienda
Impermeabilizantes Juárez,Vivienda
Decoración Juárez,Vivienda
Cocinas Juárez,Vivienda
Baños Juárez,Vivienda
Hogar Juárez,Vivienda
Muebles Juárez,Vivienda
Iluminación Juárez,Vivienda
Herramientas Juárez,Vivienda
Acabados Juárez,Vivienda
Construrama Reforma,Vivienda
Cemex Reforma,Vivienda
Materiales Reforma,Vivienda
Inmobiliaria Reforma,Vivienda
Pinturas Reforma,Vivienda
Plomería Reforma,Vivienda
Electricidad Reforma,Vivienda
Vidriería Reforma,Vivienda
Aluminios Reforma,Vivienda
Maderas Reforma,Vivienda
Cerámicos Reforma,Vivienda
Impermeabilizantes Reforma,Vivienda
Decoración Reforma,Vivienda
Cocinas Reforma,Vivienda
Baños Reforma,Vivienda
Hogar Reforma,Vivienda
Muebles Reforma,Vivienda
Iluminación Reforma,Vivienda
Herramientas Reforma,Vivienda
Acabados Reforma,Vivienda
Construrama Del Valle,Vivienda
Cemex Del Valle,Vivienda
Materiales Del Valle,Vivienda
Inmobiliaria Del Valle,Vivienda
Pinturas Del Valle,Vivienda
Plomería Del Valle,Vivienda
Electricidad Del Valle,Vivienda
Vidriería Del Valle,Vivienda
Aluminios Del Valle,Vivienda
Maderas Del Valle,Vivienda
Cerámicos Del Valle,Vivienda
Impermeabilizantes Del Valle,Vivienda
Decoración Del Valle,Vivienda
Cocinas Del Valle,Vivienda
Baños Del Valle,Vivienda
Hogar Del Valle,Vivienda
Muebles Del Valle,Vivienda
Iluminación Del Valle,Vivienda
Herramientas Del Valle,Vivienda
Acabados Del Valle,Vivienda
Construrama Las Flores,Vivienda
Cemex Las Flores,Vivienda
Materiales Las Flores,Vivienda
Inmobiliaria Las Flores,Vivienda
Pinturas Las Flores,Vivienda
Plomería Las Flores,Vivienda
Electricidad Las Flores,Vivienda
Vidriería Las Flores,Vivienda
Aluminios Las Flores,Vivienda
Maderas Las Flores,Vivienda
Cerámicos Las Flores,Vivienda
Impermeabilizantes Las Flores,Vivienda
Decoración Las Flores,Vivienda
Cocinas Las Flores,Vivienda
Baños Las Flores,Vivienda
Hogar Las Flores,Vivienda
Muebles Las Flores,Vivienda
Iluminación Las Flores,Vivienda
Herramientas Las Flores,Vivienda
Acabados Las Flores,Vivienda
UNAM,Educacion
UABJO,Educacion
TecMilenio,Educacion
Anáhuac,Educacion
Universidad,Educacion
Instituto,Educacion
Academia,Educacion
Colegio,Educacion
Preparatoria,Educacion
Primaria,Educacion
Secundaria,Educacion
Papelería,Educacion
Librería,Educacion
Idiomas,Educacion
Computación,Educacion
Capacitación,Educacion
CECATI,Educacion
CONALEP,Educacion
CBTis,Educacion
Kinder,Educacion
UNAM Juárez,Educacion
UABJO Juárez,Educacion
TecMilenio Juárez,Educacion
Anáhuac Juárez,Educacion
Universidad Juárez,Educacion
Instituto Juárez,Educacion
Academia Juárez,Educacion
Colegio Juárez,Educacion
Preparatoria Juárez,Educacion
Primaria Juárez,Educacion
Secundaria Juárez,Educacion
Papelería Juárez,Educacion
Librería Juárez,Educacion
Idiomas Juárez,Educacion
Computación Juárez,Educacion
Capacitación Juárez,Educacion
CECATI Juárez,Educacion
CONALEP Juárez,Educacion
CBTis Juárez,Educacion
Kinder Juárez,Educacion
UNAM Reforma,Educacion
UABJO Reforma,Educacion
TecMilenio Reforma,Educacion
Anáhuac Reforma,Educacion
Universidad Reforma,Educacion
Instituto Reforma,Educacion
Academia Reforma,Educacion
Colegio Reforma,Educacion
Preparatoria Reforma,Educacion
Primaria Reforma,Educacion
Secundaria Reforma,Educacion
Papelería Reforma,Educacion
Librería Reforma,Educacion
Idiomas Reforma,Educacion
Computación Reforma,Educacion
Capacitación Reforma,Educacion
CECATI Reforma,Educacion
CONALEP Reforma,Educacion
CBTis Reforma,Educacion
Kinder Reforma,Educacion
UNAM Del Valle,Educacion
UABJO Del Valle,Educacion
TecMilenio Del Valle,Educacion
Anáhuac Del Valle,Educacion
Universidad Del Valle,Educacion
Instituto Del Valle,Educacion
Academia Del Valle,Educacion
Colegio Del Valle,Educacion
Preparatoria Del Valle,Educacion
Primaria Del Valle,Educacion
Secundaria Del Valle,Educacion
Papelería Del Valle,Educacion
Librería Del Valle,Educacion
Idiomas Del Valle,Educacion
Computación Del Valle,Educacion
Capacitación Del Valle,Educacion
CECATI Del Valle,Educacion
CONALEP Del Valle,Educacion
CBTis Del Valle,Educacion
Kinder Del Valle,Educacion
UNAM Las Flores,Educacion
UABJO Las Flores,Educacion
TecMilenio Las Flores,Educacion
Anáhuac Las Flores,Educacion
Universidad Las Flores,Educacion
Instituto Las Flores,Educacion
Academia Las Flores,Educacion
Colegio Las Flores,Educacion
Preparatoria Las Flores,Educacion
Primaria Las Flores,Educacion
Secundaria Las Flores,Educacion
Papelería Las Flores,Educacion
Librería Las Flores,Educacion
Idiomas Las Flores,Educacion
Computación Las Flores,Educacion
Capacitación Las Flores,Educacion
CECATI Las Flores,Educacion
CONALEP Las Flores,Educacion
CBTis Las Flores,Educacion
Kinder Las Flores,Educacion
